Activity,Duration (seconds),Percentage
Chopping,0.7916666666666664,9.9%
Cooking,2.7499999999999987,34.4%
Idle,2.6666666666666656,33.3%
Cleaning,1.7916666666666676,22.4%
